{
  "model": "LinearSVC",
  "params": {
    "C": 0.01,
    "kernel": "linear",
    "dual": false
  },
  "accuracy": 0.966785290628707,
  "report": {
    "0": {
      "precision": 0.9820359281437125,
      "recall": 0.9879518072289156,
      "f1-score": 0.984984984984985,
      "support": 166.0
    },
    "1": {
      "precision": 0.9470588235294117,
      "recall": 0.9415204678362573,
      "f1-score": 0.9442815249266863,
      "support": 171.0
    },
    "2": {
      "precision": 0.9876543209876543,
      "recall": 0.9580838323353293,
      "f1-score": 0.9726443768996961,
      "support": 167.0
    },
    "3": {
      "precision": 0.9879518072289156,
      "recall": 0.9534883720930233,
      "f1-score": 0.9704142011834319,
      "support": 172.0
    },
    "4": {
      "precision": 0.9767441860465116,
      "recall": 0.9882352941176471,
      "f1-score": 0.9824561403508771,
      "support": 170.0
    },
    "5": {
      "precision": 0.9761904761904762,
      "recall": 0.9820359281437125,
      "f1-score": 0.9791044776119403,
      "support": 167.0
    },
    "6": {
      "precision": 0.9879518072289156,
      "recall": 0.9761904761904762,
      "f1-score": 0.9820359281437125,
      "support": 168.0
    },
    "7": {
      "precision": 0.976878612716763,
      "recall": 0.9941176470588236,
      "f1-score": 0.9854227405247813,
      "support": 170.0
    },
    "8": {
      "precision": 0.9127906976744186,
      "recall": 0.9457831325301205,
      "f1-score": 0.9289940828402367,
      "support": 166.0
    },
    "9": {
      "precision": 0.9352941176470588,
      "recall": 0.9408284023668639,
      "f1-score": 0.9380530973451328,
      "support": 169.0
    },
    "accuracy": 0.966785290628707,
    "macro avg": {
      "precision": 0.9670550777393838,
      "recall": 0.966823535990117,
      "f1-score": 0.966839155481148,
      "support": 1686.0
    },
    "weighted avg": {
      "precision": 0.9671023463630057,
      "recall": 0.966785290628707,
      "f1-score": 0.966843645585277,
      "support": 1686.0
    }
  }
}