{
  "model": "SVC",
  "params": {
    "C": 0.01,
    "kernel": "linear",
    "probability": true
  },
  "report": {
    "0": {
      "precision": 0.9880952380952381,
      "recall": 1.0,
      "f1-score": 0.9940119760479041,
      "support": 166.0
    },
    "1": {
      "precision": 0.9438202247191011,
      "recall": 0.9824561403508771,
      "f1-score": 0.9627507163323782,
      "support": 171.0
    },
    "2": {
      "precision": 1.0,
      "recall": 0.9880239520958084,
      "f1-score": 0.9939759036144579,
      "support": 167.0
    },
    "3": {
      "precision": 0.9710982658959537,
      "recall": 0.9767441860465116,
      "f1-score": 0.9739130434782609,
      "support": 172.0
    },
    "4": {
      "precision": 0.9766081871345029,
      "recall": 0.9823529411764705,
      "f1-score": 0.9794721407624634,
      "support": 170.0
    },
    "5": {
      "precision": 0.9763313609467456,
      "recall": 0.9821428571428571,
      "f1-score": 0.9792284866468842,
      "support": 168.0
    },
    "6": {
      "precision": 0.9820359281437125,
      "recall": 0.9820359281437125,
      "f1-score": 0.9820359281437125,
      "support": 167.0
    },
    "7": {
      "precision": 0.976878612716763,
      "recall": 0.9941176470588236,
      "f1-score": 0.9854227405247813,
      "support": 170.0
    },
    "8": {
      "precision": 0.975,
      "recall": 0.9397590361445783,
      "f1-score": 0.9570552147239264,
      "support": 166.0
    },
    "9": {
      "precision": 0.9753086419753086,
      "recall": 0.9349112426035503,
      "f1-score": 0.9546827794561934,
      "support": 169.0
    },
    "accuracy": 0.9762752075919335,
    "macro avg": {
      "precision": 0.9765176459627325,
      "recall": 0.976254393076319,
      "f1-score": 0.9762548929730963,
      "support": 1686.0
    },
    "weighted avg": {
      "precision": 0.9764172922849795,
      "recall": 0.9762752075919335,
      "f1-score": 0.9762149767772482,
      "support": 1686.0
    }
  }
}